,test_sets,recall,precision
0,terns,0.9054677851511883,0.7175197709698323
0,palmyra,0.8335901694392261,0.23762254463309024
0,penguins,0.44025677211444303,0.1664354794695096
0,pfeifer,0.6366918701833509,0.6447519827420479
0,hayes,0.6383137565362388,0.40670481242062567
