,test_sets,recall,precision
0,terns,0.8293810300773808,0.8640904656655479
0,palmyra,0.8560601494145799,0.380774329421076
0,penguins,0.6010434125976802,0.19487145216267115
0,pfeifer,0.4597214159856584,0.685406892710037
0,hayes,0.40077519265658096,0.23035599685898253
