,test_sets,recall,precision
0,monash,0.6886941185066635,0.7127715511277155
0,USGS,0.4556354916067146,0.3693045563549161
0,hayes,0.5425444822134756,0.37002815706270925
0,palmyra,0.8448125522138681,0.5620552692921115
0,terns,0.8496748427217161,0.6992670651524832
0,penguins,0.6197673708682478,0.5011385936056416
0,pfeifer,0.6360729229605897,0.6397169862492421
