,test_sets,recall,precision
0,monash,0.46901134740203576,0.7948717948717949
0,USGS,0.3372093023255814,0.32945736434108525
0,hayes,0.47481210383964817,0.3090405969483832
0,palmyra,0.8592989417989417,0.5471043488102313
0,terns,0.8776709938961252,0.7231154646917761
0,penguins,0.8636649642421416,0.4751098851863769
0,pfeifer,0.6928918539275394,0.5314064630516752
