,test_sets,recall,precision
0,terns,0.8534525347079864,0.8731270604297182
0,palmyra,0.8793342892069007,0.4410284408174412
0,penguins,0.5449853539300349,0.19929014365603928
0,pfeifer,0.4461672341853585,0.695551174476853
0,hayes,0.5115613715870871,0.3167217082617497
