,test_sets,recall,precision
0,mckellar,0.5890070921985815,0.22436893361995963
0,monash,0.7704233574428726,0.26192996792726503
0,USGS,0.4063926940639269,0.6304347826086957
0,hayes,0.4985277761968859,0.3591261046299074
0,terns,0.8167999017978711,0.7539451300875046
0,penguins,0.6733900505743331,0.7050632262743644
0,pfeifer,0.4155209479242606,0.679344379485538
