,test_sets,recall,precision
0,terns,0.7595794193959293,0.8920589376202303
0,palmyra,0.8657034402257333,0.38199346590720173
0,penguins,0.368188458959515,0.13603285192383455
0,pfeifer,0.5681712595583958,0.6121899376905074
0,hayes,0.30104457385791705,0.1394934340594904
