,test_sets,recall,precision
0,monash,0.7880757064080541,0.16289517717010504
0,USGS,0.5299145299145299,0.4928774928774929
0,hayes,0.673814143311454,0.3607187248473333
0,palmyra,0.8278550122509855,0.6712527964205816
0,terns,0.8946649143508634,0.5357011078179272
0,penguins,0.7818657948958465,0.6365162103918235
0,pfeifer,0.520359368526768,0.6198252658910224
