,test_sets,recall,precision
0,USGS,0.5833333333333334,0.47741228070175434
0,terns,0.878416570298242,0.738579532944344
0,palmyra,0.20138888888888887,0.5833333333333334
0,penguins,0.0797278636923778,0.1021166261426001
0,pfeifer,0.7481040184668668,0.5966290153813113
0,hayes,0.7457512135195944,0.3380947043484068
