,test_sets,recall,precision
0,terns,0.8682112282342889,0.7628477862361066
0,palmyra,0.845421917077968,0.5133351541884701
