,test_sets,recall,precision
0,USGS,0.5535168195718655,0.3959241828507883
0,terns,0.8453701043035053,0.7705668021855637
0,palmyra,0.5738618186292604,0.6690660760428202
0,penguins,0.0,0.0
0,pfeifer,0.740271502186594,0.6043755942582714
0,hayes,0.8755363484804114,0.2307691723680604
