,test_sets,recall,precision
0,monash,0.8723311808764204,0.04218046923914723
0,USGS,0.539568345323741,0.4142685851318945
0,hayes,0.5859585523072866,0.30807548289942216
0,palmyra,0.8005072006727635,0.6088360344198616
0,terns,0.8207553869551906,0.6910304263532202
0,penguins,0.7805802747210788,0.5325443503825981
0,pfeifer,0.6876894070623992,0.5927090391340972
