,test_sets,recall,precision
0,monash,0.7443398903481695,0.2347261262292117
0,USGS,0.8189448441247001,0.5101918465227818
0,hayes,0.6596190060197332,0.33058584436357014
0,palmyra,0.8557204700061843,0.4618966891694164
0,terns,0.8652815669522864,0.6581313280115954
0,penguins,0.8015648919563599,0.5150492716404197
0,pfeifer,0.5411319884397225,0.629458694777152
