,test_sets,recall,precision
0,terns,0.8196123873146216,0.7826457304222982
0,palmyra,0.8421258242460774,0.34547699119773656
0,penguins,0.4900937938195486,0.1702008742530453
0,pfeifer,0.48664293870189007,0.5747710788555923
0,hayes,0.4871561900328381,0.25049183713153017
