,test_sets,recall,precision
0,USGS,0.3670886075949367,0.29184247538677915
0,terns,0.7731014707496453,0.8070081791292522
0,palmyra,0.8766694346883027,0.27633681821888884
0,penguins,0.5240222239894674,0.17116530626693585
0,pfeifer,0.4809627082727422,0.5657200259764564
0,hayes,0.7988703704673189,0.25969712137707196
