,proportion,pretrained,annotations,precision,recall
0,0.25,False,357,0.6,0.6666666666666667
0,0.5,False,781,0.0,0.0
0,0.75,False,1285,0.634255610290093,0.6476150669254117
0,1.0,False,1562,0.6859637407509749,0.6451521291946823
