,proportion,pretrained,annotations,precision,recall
0,0.25,True,324,0.4381433664492374,0.8244609424545729
0,0.5,True,680,0.5188211788211788,0.7792491737653028
0,0.75,True,1125,0.6507119944619943,0.6983093483093483
0,1.0,True,1562,0.6344637635756056,0.7430598275993012
