,test_set,Recall,Precision,Model,Annotations,Iteration
0,seabirdwatch,0.36069978980643946,0.8187815406035356,Zero Shot,,
0,seabirdwatch,0.6791275759335705,0.8854879250611203,Fine Tune,124390.0,
0,seabirdwatch,0.6447362211268259,0.6264692651093006,Min Annotation,1000.0,0.0
0,seabirdwatch,0.6432953965022984,0.6258573194010117,Min Annotation,1000.0,1.0
0,seabirdwatch,0.646099980225675,0.6258257068657103,Min Annotation,1000.0,2.0
0,seabirdwatch,0.6455753452059017,0.6259335915753517,Min Annotation,1000.0,3.0
0,seabirdwatch,0.6446032097646425,0.625401783986733,Min Annotation,1000.0,4.0
0,seabirdwatch,0.7387484346370643,0.8896870190688657,LocalOnly,124390.0,
