,test_set,Recall,Precision,Model,Iteration,Annotations
0,palmyra,0.8872861589842723,0.6002444830470308,Zero Shot,,
0,palmyra,0.7647217911368855,0.7169474348750665,Fine Tune,,
0,palmyra,0.847685979289753,0.5954484210057458,Min Annotation,0.0,
0,palmyra,0.8448081443364464,0.5910065749149459,Min Annotation,1.0,
0,palmyra,0.8539752874658536,0.5861988979963877,Min Annotation,2.0,
0,palmyra,0.0,0.0,RandomWeight,0.0,1000.0
0,palmyra,0.0,0.0,RandomWeight,1.0,1000.0
0,palmyra,0.0,0.0,RandomWeight,2.0,1000.0
