,test_set,Recall,Precision,Model,Annotations,Iteration
0,palmyra,0.8761945601568244,0.7389801238188335,Zero Shot,,
0,palmyra,0.8660325174476119,0.5876114773737864,Fine Tune,1482.0,
0,palmyra,0.8461585758755571,0.62693722222943,Min Annotation,1000.0,0.0
0,palmyra,0.8438524962109868,0.6580239840043762,Min Annotation,1000.0,1.0
0,palmyra,0.04192872117400419,0.6341991341991342,RandomWeight,1000.0,0.0
0,palmyra,0.0,0.0,RandomWeight,1000.0,1.0
