,test_set,Recall,Precision,Model
0,newmexico,0.6418839095557188,0.5432830297639236,Zero Shot
0,newmexico,0.9558325187357445,0.6911668049428961,Fine Tune
0,newmexico,0.0,0.0,LocalOnly
