,test_set,Recall,Precision,Model,Annotations,Iteration
0,neill,0.8908752805842958,0.28013579020954515,Zero Shot,,
0,neill,0.957396840948573,0.8034346791980911,Fine Tune,39622.0,
0,neill,0.943828913284146,0.6659515265296153,Min Annotation,1000.0,0.0
0,neill,0.9420306277947688,0.6842763334356539,Min Annotation,1000.0,1.0
0,neill,0.9434128726590024,0.6770938248741352,Min Annotation,1000.0,2.0
0,neill,0.9432011632170637,0.6769739770331205,Min Annotation,1000.0,3.0
0,neill,0.9439216648686143,0.6662396523415329,Min Annotation,1000.0,4.0
0,neill,0.0,0.0,LocalOnly,39622.0,
