,test_set,Recall,Precision,Model,Annotations,Iteration
0,neill,0.8908752805842958,0.28013579020954515,Zero Shot,,
0,neill,0.957396840948573,0.8034346791980911,Fine Tune,39622.0,
0,neill,0.9333067185636981,0.623788523745777,RandomWeight,1000.0,0.0
0,neill,0.934505507174242,0.6154103822754443,RandomWeight,1000.0,1.0
0,neill,0.935811757695692,0.6120552872938978,RandomWeight,1000.0,2.0
0,neill,0.9263353232270033,0.83823201033318,LocalOnly,39622.0,
