,test_set,Recall,Precision,Model,Annotations,Iteration
0,mckellar,0.74,0.18888678999435868,Zero Shot,,
0,mckellar,0.675,0.5948502886002885,Fine Tune,1597.0,
0,mckellar,0.74,0.5131862455726092,Min Annotation,1000.0,0.0
0,mckellar,0.75,0.5211137347500984,Min Annotation,1000.0,1.0
0,mckellar,0.75,0.5009365634365633,Min Annotation,1000.0,2.0
0,mckellar,0.73,0.4888694638694639,Min Annotation,1000.0,3.0
0,mckellar,0.73,0.5005509641873278,Min Annotation,1000.0,4.0
0,mckellar,0.615,0.6169791666666666,LocalOnly,1597.0,
