,test_set,Recall,Precision,Model
0,pfeifer,0.2983784491401997,0.6569838504523661,Zero Shot
0,pfeifer,0.7553103823838797,0.7446440207537068,Fine Tune
0,pfeifer,0.0,0.0,LocalOnly
