,test_set,Recall,Precision,Model,Annotations,Iteration
0,USGS,0.6564102564102564,0.2891344190563239,Zero Shot,,
0,USGS,1.0,0.8184045584045585,Fine Tune,26416.0,
0,USGS,0.982051282051282,0.7543303195646945,Min Annotation,1000.0,0.0
0,USGS,0.9794871794871794,0.7389888035175994,Min Annotation,1000.0,1.0
0,USGS,0.982051282051282,0.7094720094720094,Min Annotation,1000.0,2.0
0,USGS,0.9871794871794872,0.730812437418655,Min Annotation,1000.0,3.0
0,USGS,0.9794871794871794,0.730723392372607,Min Annotation,1000.0,4.0
0,USGS,1.0,0.9111111111111112,LocalOnly,26416.0,
