,test_set,Recall,Precision,Model,Iteration,Annotations
0,palmyra,0.8091111020356304,0.7817985914012403,Zero Shot,,
0,palmyra,0.7485540490257471,0.658429374157851,Fine Tune,,
0,palmyra,0.8419203263542887,0.5590031721525228,Min Annotation,0.0,
0,palmyra,0.8284432374055016,0.578430157351726,Min Annotation,1.0,
0,palmyra,0.8351069091635129,0.5768066900419841,Min Annotation,2.0,
0,palmyra,0.8327484185974752,0.5552508675057695,Min Annotation,3.0,
0,palmyra,0.8286428979825207,0.6147826223484119,Min Annotation,4.0,
0,palmyra,0.0,0.0,RandomWeight,0.0,1000.0
0,palmyra,0.0,0.0,RandomWeight,1.0,1000.0
