,test_set,Recall,Precision,Model,Annotations,Iteration
0,michigan,0.4801541873836005,0.5087692970710274,Zero Shot,,
0,michigan,0.8091584735853554,0.7946884628208729,Fine Tune,40232.0,
0,michigan,0.7159495508481961,0.7330657647319999,Min Annotation,1000.0,0.0
0,michigan,0.7045723724520335,0.7471906235426385,Min Annotation,1000.0,1.0
0,michigan,0.7118864603500362,0.7451643197888353,Min Annotation,1000.0,2.0
0,michigan,0.706179857393529,0.7481855289742814,Min Annotation,1000.0,3.0
0,michigan,0.7134403718091046,0.7359263924572793,Min Annotation,1000.0,4.0
0,michigan,0.0,0.0,LocalOnly,40232.0,
