,test_set,Recall,Precision,Model,Iteration
0,USGS,0.0,0.0,Zero Shot,
0,USGS,0.01056338028169014,0.00021505376344086024,Fine Tune,
0,USGS,0.0,0.0,Min Annotation,0.0
0,USGS,0.014084507042253521,5.744241815849646e-05,Min Annotation,1.0
0,USGS,0.007042253521126761,7.304601899196495e-05,Min Annotation,2.0
0,USGS,0.01056338028169014,0.0004942528735632184,Min Annotation,3.0
0,USGS,0.014084507042253521,0.0008505997818974918,Min Annotation,4.0
