,test_set,Recall,Precision,Model
0,USGS,0.6564102564102564,0.2891344190563239,Zero Shot
0,USGS,1.0,0.8184045584045585,Fine Tune
0,USGS,0.982051282051282,0.8851468048359239,LocalOnly
