,test_set,Recall,Precision,Model,Annotations,Iteration
0,penguins,0.6414178215152663,0.7293277287329331,Zero Shot,,
0,penguins,0.8785767517625478,0.8222074061883634,Fine Tune,2019.0,
0,penguins,0.8745737918326121,0.8208923612318166,Min Annotation,1000.0,0.0
0,penguins,0.8744304937726475,0.8246649236090233,Min Annotation,1000.0,1.0
0,penguins,0.878236304596002,0.8056092590264198,Min Annotation,1000.0,2.0
0,penguins,0.8745788397153857,0.8134275680433983,Min Annotation,1000.0,3.0
0,penguins,0.8740436575710082,0.8163090547186526,Min Annotation,1000.0,4.0
0,penguins,0.04820510082084355,0.8145743145743146,LocalOnly,2019.0,
