,test_set,Recall,Precision,Model,Annotations,Iteration
0,newmexico,0.6418839095557188,0.5432830297639236,Zero Shot,,
0,newmexico,0.9701857282502443,0.8456136982240546,Fine Tune,4333.0,
0,newmexico,0.920772238514174,0.7621456948069851,Min Annotation,1000.0,0.0
0,newmexico,0.920772238514174,0.7679946506050072,Min Annotation,1000.0,1.0
0,newmexico,0.9100195503421309,0.7587556439975794,Min Annotation,1000.0,2.0
0,newmexico,0.920772238514174,0.7619814504491924,Min Annotation,1000.0,3.0
0,newmexico,0.9178396871945259,0.7570938649164457,Min Annotation,1000.0,4.0
0,newmexico,0.8969543157481445,0.8571907106769395,LocalOnly,4333.0,
