,test_set,Recall,Precision,Model
0,seabirdwatch,0.36069978980643946,0.8187815406035356,Zero Shot
0,seabirdwatch,0.6791275759335705,0.8854879250611203,Fine Tune
0,seabirdwatch,0.6434139860262172,0.8842276064147336,LocalOnly
