,precision,recall,proportion,pretrained
0,0.0,0.0,0.0,True
1,0.0012897251893250437,0.11206896551724138,0.0,False
2,0.004024144869215292,0.005747126436781609,0.25,True
3,0.0004892367906066536,0.0028735632183908046,0.25,False
4,0.0,0.0,0.5,True
5,0.000887705281846427,0.005747126436781609,0.5,False
6,0.0,0.0,0.75,True
7,0.0,0.0,0.75,False
8,0.0070052539404553416,0.011494252873563218,1.0,True
9,0.0,0.0,1.0,False
