,test_set,Recall,Precision,Model,Annotations,Iteration
0,neill,0.8908752805842958,0.28013579020954515,Zero Shot,,
0,neill,0.9536587494406412,0.8491159422407737,Fine Tune,39622.0,
0,neill,0.9433483247430803,0.6673629364571613,Min Annotation,1000.0,0.0
0,neill,0.9424887022794827,0.6829184853894588,Min Annotation,1000.0,1.0
0,neill,0.9438789349395152,0.6659254904168097,Min Annotation,1000.0,2.0
0,neill,0.9435028937052683,0.6767434530678668,Min Annotation,1000.0,3.0
0,neill,0.9449494031384581,0.6642853656271823,Min Annotation,1000.0,4.0
0,neill,0.9594374548449474,0.8446483711540448,LocalOnly,39622.0,
