,test_set,Recall,Precision,Model,Iteration,Annotations
0,penguins,0.5419671889647296,0.6595318951372143,Zero Shot,,
0,penguins,0.8902974416408389,0.8284664946509801,Fine Tune,,
0,penguins,0.8759593395889771,0.8231983925814628,Min Annotation,0.0,
0,penguins,0.8681697781051819,0.8501747923932673,Min Annotation,1.0,
0,penguins,0.8976569633231472,0.8151091892880354,Min Annotation,2.0,
0,penguins,0.0,0.0,RandomWeight,0.0,1000.0
0,penguins,0.0,0.0,RandomWeight,1.0,1000.0
0,penguins,0.0,0.0,RandomWeight,2.0,1000.0
