,test_set,Recall,Precision,Model,Annotations,Iteration
0,penguins,0.6414178215152663,0.7293277287329331,Zero Shot,,
0,penguins,0.8723938882843134,0.7648103510548214,Fine Tune,2019.0,
0,penguins,0.8771572557344063,0.8080389729122215,Min Annotation,1000.0,0.0
0,penguins,0.8755419332468096,0.8169727845118103,Min Annotation,1000.0,1.0
0,penguins,0.882495488354823,0.7162126864959458,Min Annotation,1000.0,2.0
0,penguins,0.0,0.0,RandomWeight,1000.0,0.0
0,penguins,0.0,0.0,RandomWeight,1000.0,1.0
0,penguins,0.8200221009657322,0.48044298262361795,RandomWeight,1000.0,2.0
