,test_set,Recall,Precision,Model,Annotations,Iteration
0,seabirdwatch,0.36069978980643946,0.8187815406035356,Zero Shot,,
0,seabirdwatch,0.6791275759335705,0.8854879250611203,Fine Tune,124390.0,
0,seabirdwatch,0.6414729748022902,0.6239176207440434,RandomWeight,1000.0,0.0
0,seabirdwatch,0.6413778352564417,0.6248866650594566,RandomWeight,1000.0,1.0
0,seabirdwatch,0.6458640895569201,0.6288227761191264,RandomWeight,1000.0,2.0
0,seabirdwatch,0.6434139860262172,0.8842276064147336,LocalOnly,124390.0,
