,test_set,Recall,Precision,Model
0,terns,0.8772680885440318,0.7608015731239939,Zero Shot
0,terns,0.922475681336528,0.7389025515631206,Fine Tune
0,terns,0.0,0.0,LocalOnly
