,test_set,Recall,Precision,Model,Annotations,Iteration
0,terns,0.8772680885440318,0.7608015731239939,Zero Shot,,
0,terns,0.922475681336528,0.7389025515631206,Fine Tune,20789.0,
0,terns,0.9192749915010066,0.6664015554286247,RandomWeight,1000.0,0.0
0,terns,0.9198526407371077,0.6696023937888682,RandomWeight,1000.0,1.0
0,terns,0.9184400957273696,0.6742865043233486,RandomWeight,1000.0,2.0
0,terns,0.0,0.0,LocalOnly,20789.0,
