,test_set,Recall,Precision,Model,Iteration
0,USGS,0.14788732394366197,0.14788732394366197,Zero Shot,
0,USGS,0.9841549295774648,0.9841549295774648,Fine Tune,
0,USGS,0.21830985915492956,0.21060985797827902,Min Annotation,0.0
0,USGS,0.1795774647887324,0.17261904761904762,Min Annotation,1.0
0,USGS,0.15845070422535212,0.1613149847094801,Min Annotation,2.0
0,USGS,0.23591549295774647,0.20061357375406963,Min Annotation,3.0
0,USGS,0.24295774647887325,0.19523836016121454,Min Annotation,4.0
