,test_set,Recall,Precision,Model,Annotations,Iteration
0,palmyra,0.8761945601568244,0.7389801238188335,Zero Shot,,
0,palmyra,0.8123555864121902,0.6713227513227513,Fine Tune,1482.0,
0,palmyra,0.8859085010028408,0.5786481976804557,Min Annotation,1000.0,0.0
0,palmyra,0.8756284770435715,0.5580896667435129,Min Annotation,1000.0,1.0
0,palmyra,0.8678267399965515,0.5681895125076942,Min Annotation,1000.0,2.0
0,palmyra,0.8658800493706155,0.5817484071399274,Min Annotation,1000.0,3.0
0,palmyra,0.8563936762049971,0.5683686475225819,Min Annotation,1000.0,4.0
0,palmyra,0.0,0.0,LocalOnly,1482.0,
