,test_set,Recall,Precision,Model,Iteration
0,neill,0.0,0.0,Zero Shot,
0,neill,0.008131306957625734,0.05342334681455833,Fine Tune,
0,neill,0.006504884616505988,0.019410553747190574,Min Annotation,0.0
0,neill,0.006504884616505988,0.019410553747190574,Min Annotation,1.0
0,neill,0.006504884616505988,0.019410553747190574,Min Annotation,2.0
0,neill,0.006504884616505988,0.019410553747190574,Min Annotation,3.0
0,neill,0.006504884616505988,0.019410553747190574,Min Annotation,4.0
