,test_set,Recall,Precision,Model,Iteration
0,seabirdwatch,0.34707796536379726,0.34707796536379726,Zero Shot,
0,seabirdwatch,0.8136710317491903,0.8136710317491903,Fine Tune,
0,seabirdwatch,0.7096914594609924,0.7197006877902545,Min Annotation,0.0
0,seabirdwatch,0.6741268723930985,0.7251667409772821,Min Annotation,1.0
0,seabirdwatch,0.8100194748300703,0.6331961211523413,Min Annotation,2.0
0,seabirdwatch,0.8063168044549796,0.5718581591176242,Min Annotation,3.0
0,seabirdwatch,0.7756011141728772,0.6206601473952522,Min Annotation,4.0
