,test_set,Recall,Precision,Model,Iteration,Annotations
0,palmyra,0.872483822955521,0.6082248254222776,Zero Shot,,
0,palmyra,0.6494847395790793,0.7435647685647686,Fine Tune,,
0,palmyra,0.7250093023677928,0.6879772629772629,Min Annotation,0.0,
0,palmyra,0.6709237478105403,0.7337581041806394,Min Annotation,1.0,
0,palmyra,0.7269659760225797,0.7119425547996975,Min Annotation,2.0,
0,palmyra,0.0,0.0,RandomWeight,0.0,1000.0
0,palmyra,0.0,0.0,RandomWeight,1.0,1000.0
0,palmyra,0.0,0.0,RandomWeight,2.0,1000.0
