,test_set,Recall,Precision,Model,Iteration
0,monash,0.7934824095675663,0.5419955861132332,Zero Shot,
0,monash,0.8340930834721492,0.7437101292129755,Fine Tune,
0,monash,0.7615778859421674,0.6881886673164564,Min Annotation,0.0
0,monash,0.7301165258291219,0.7792043399638336,Min Annotation,1.0
0,monash,0.7760939730484379,0.8076018359150889,Min Annotation,2.0
0,monash,0.7225963208222226,0.6927995220678147,Min Annotation,3.0
0,monash,0.7173733454928013,0.7798368226600985,Min Annotation,4.0
