,test_set,Recall,Precision,Model
0,michigan,0.4801541873836005,0.5087692970710274,Zero Shot
0,michigan,0.8091584735853554,0.7946884628208729,Fine Tune
0,michigan,0.7557772142274393,0.8316347754170021,LocalOnly
