,test_set,Recall,Precision,Model,Iteration
0,hayes,0.9876695304565766,0.42717925887397434,Zero Shot,
0,hayes,0.9940647513509338,0.7295438497675618,Fine Tune,
0,hayes,0.9783810867729664,0.622437626800009,Min Annotation,0.0
0,hayes,0.9923521253974734,0.6052432931998675,Min Annotation,1.0
0,hayes,0.9915692175178081,0.6187328136314769,Min Annotation,2.0
0,hayes,0.9935610959747148,0.6196447987570161,Min Annotation,3.0
0,hayes,0.9955936714182592,0.599821259500525,Min Annotation,4.0
