,test_set,Recall,Precision,Model
0,hayes,0.9544791586902497,0.462180973417868,Zero Shot
0,hayes,0.9837562830211855,0.6856234195327413,Fine Tune
0,hayes,0.0,0.0,LocalOnly
