,test_set,Recall,Precision,Model,Annotations,Iteration
0,newmexico,0.6418839095557188,0.5432830297639236,Zero Shot,,
0,newmexico,0.9551808406647117,0.7313503489974077,Fine Tune,4333.0,
0,newmexico,0.9100195503421309,0.7848904231968749,Min Annotation,1000.0,0.0
0,newmexico,0.9100195503421309,0.7837034381389221,Min Annotation,1000.0,1.0
0,newmexico,0.0,0.0,RandomWeight,1000.0,0.0
0,newmexico,0.0,0.0,RandomWeight,1000.0,1.0
