,test_set,Recall,Precision,Model,Annotations,Iteration
0,newmexico,0.6418839095557188,0.5432830297639236,Zero Shot,,
0,newmexico,0.9326001955034212,0.6586548298899743,Fine Tune,4333.0,
0,newmexico,0.9579653477269184,0.6354133916340549,Min Annotation,1000.0,0.0
0,newmexico,0.9579653477269184,0.6400845269503513,Min Annotation,1000.0,1.0
0,newmexico,0.9546432062561094,0.7019397219150584,Min Annotation,1000.0,2.0
0,newmexico,0.0,0.0,RandomWeight,1000.0,0.0
0,newmexico,0.0,0.0,RandomWeight,1000.0,1.0
0,newmexico,0.0,0.0,RandomWeight,1000.0,2.0
