,test_set,Recall,Precision,Model,Annotations,Iteration
0,palmyra,0.8761945601568244,0.7389801238188335,Zero Shot,,
0,palmyra,0.8123555864121902,0.6713227513227513,Fine Tune,1482.0,
0,palmyra,0.8736168967301041,0.5617346782626919,Min Annotation,1000.0,0.0
0,palmyra,0.8646820859085012,0.5478554125612949,Min Annotation,1000.0,1.0
0,palmyra,0.8731826349750877,0.5726603695091089,Min Annotation,1000.0,2.0
0,palmyra,0.8690945846606223,0.5757693244706232,Min Annotation,1000.0,3.0
0,palmyra,0.8691819361630683,0.5813297272712857,Min Annotation,1000.0,4.0
0,palmyra,0.26426370624483836,0.6852836879432623,LocalOnly,1482.0,
