,test_set,Recall,Precision,Model,Annotations,Iteration
0,penguins,0.6414178215152663,0.7293277287329331,Zero Shot,,
0,penguins,0.8868224937456572,0.8019847034574069,Fine Tune,2019.0,
0,penguins,0.8773719146173043,0.8189174492001581,Min Annotation,1000.0,0.0
0,penguins,0.8775202605600426,0.8209435780333031,Min Annotation,1000.0,1.0
0,penguins,0.0,0.0,RandomWeight,1000.0,0.0
0,penguins,0.0,0.0,RandomWeight,1000.0,1.0
