,test_set,Recall,Precision,Model
0,monash,0.6743955827338441,0.38786602325907027,Zero Shot
0,monash,0.783954989750377,0.656267782604992,Fine Tune
0,monash,0.5881596457291313,0.5769696020353916,LocalOnly
