,test_set,Recall,Precision,Model,Annotations,Iteration
0,michigan,0.4801541873836005,0.5087692970710274,Zero Shot,,
0,michigan,0.8756430640375432,0.6914056571907438,Fine Tune,40232.0,
0,michigan,0.709192849505097,0.738975498379779,Min Annotation,1000.0,0.0
0,michigan,0.7160668110382935,0.731301613331375,Min Annotation,1000.0,1.0
0,michigan,0.7188259616621732,0.7332057022312921,Min Annotation,1000.0,2.0
0,michigan,0.7102816725703597,0.7409438154785299,Min Annotation,1000.0,3.0
0,michigan,0.7172972377516017,0.729875055925517,Min Annotation,1000.0,4.0
0,michigan,0.8664600594226507,0.691826037497209,LocalOnly,40232.0,
