,test_set,Recall,Precision,Model,Iteration
0,terns,0.8678790658859878,0.8678790658859878,Zero Shot,
0,terns,0.9386170115670558,0.9386170115670558,Fine Tune,
0,terns,0.9315050168775826,0.7115962275904781,Min Annotation,0.0
0,terns,0.9315138743940333,0.6748816839637215,Min Annotation,1.0
0,terns,0.9404432937380316,0.4908889684030224,Min Annotation,2.0
0,terns,0.9280428496273485,0.5159437379525902,Min Annotation,3.0
0,terns,0.9253987629601369,0.689623864977968,Min Annotation,4.0
