,test_set,Recall,Precision,Model,Iteration,Annotations
0,penguins,0.5222691476143497,0.7393336214086268,Zero Shot,,
0,penguins,0.8567543447292816,0.8397302646747719,Fine Tune,,
0,penguins,0.8427832818714888,0.8192782793226921,Min Annotation,0.0,
0,penguins,0.87314170989021,0.7607417309713974,Min Annotation,1.0,
0,penguins,0.8567199000111497,0.767851230645191,Min Annotation,2.0,
0,penguins,0.0,0.0,RandomWeight,0.0,1000.0
0,penguins,0.0,0.0,RandomWeight,1.0,1000.0
0,penguins,0.0,0.0,RandomWeight,2.0,1000.0
