,test_set,Recall,Precision,Model
0,penguins,0.6414178215152663,0.7293277287329331,Zero Shot
0,penguins,0.8785767517625478,0.8222074061883634,Fine Tune
0,penguins,0.0,0.0,LocalOnly
