,test_set,Recall,Precision,Model,Annotations,Iteration
0,mckellar,0.74,0.18888678999435868,Zero Shot,,
0,mckellar,0.72,0.43541310541310546,Fine Tune,1597.0,
0,mckellar,0.76,0.49161490683229814,Min Annotation,1000.0,0.0
0,mckellar,0.76,0.52324016563147,Min Annotation,1000.0,1.0
0,mckellar,0.51,0.6676767676767676,RandomWeight,1000.0,0.0
0,mckellar,0.51,0.6659451659451658,RandomWeight,1000.0,1.0
