,test_set,Recall,Precision,Model,Annotations,Iteration
0,newmexico,0.6418839095557188,0.5432830297639236,Zero Shot,,
0,newmexico,0.9558325187357445,0.6911668049428961,Fine Tune,4333.0,
0,newmexico,0.920772238514174,0.760840011243237,Min Annotation,1000.0,0.0
0,newmexico,0.920772238514174,0.7632871340129406,Min Annotation,1000.0,1.0
0,newmexico,0.920772238514174,0.7619814504491924,Min Annotation,1000.0,2.0
0,newmexico,0.9369012707722385,0.7548060989190021,Min Annotation,1000.0,3.0
0,newmexico,0.9369012707722385,0.7595296012231496,Min Annotation,1000.0,4.0
0,newmexico,0.0,0.0,LocalOnly,4333.0,
