,test_set,Recall,Precision,Model,Annotations,Iteration
0,USGS,0.6564102564102564,0.2891344190563239,Zero Shot,,
0,USGS,1.0,0.8184045584045585,Fine Tune,26416.0,
0,USGS,0.9850187265917602,0.6480565204997023,RandomWeight,1000.0,0.0
0,USGS,0.9850187265917602,0.6341533230027548,RandomWeight,1000.0,1.0
0,USGS,0.9850187265917602,0.6480455939262757,RandomWeight,1000.0,2.0
0,USGS,0.0,0.0,LocalOnly,26416.0,
