,test_set,Recall,Precision,Model,Iteration,Annotations
0,newmexico,0.21712715389185977,0.17860682354925778,Zero Shot,,
0,newmexico,0.8734084542908073,0.6138124946948476,Fine Tune,,
0,newmexico,0.8650050929462694,0.6454643292723787,Min Annotation,0.0,
0,newmexico,0.8650050929462694,0.6575091471995497,Min Annotation,1.0,
0,newmexico,0.8650050929462694,0.6454643292723787,Min Annotation,2.0,
0,newmexico,0.0,0.0,RandomWeight,0.0,1000.0
0,newmexico,0.0,0.0,RandomWeight,1.0,1000.0
0,newmexico,0.0,0.0,RandomWeight,2.0,1000.0
