,test_set,Recall,Precision,Model,Annotations,Iteration
0,pfeifer,0.2983784491401997,0.6569838504523661,Zero Shot,,
0,pfeifer,0.7553103823838797,0.7446440207537068,Fine Tune,43009.0,
0,pfeifer,0.7666355585094573,0.6028287532599109,Min Annotation,1000.0,0.0
0,pfeifer,0.7654385729170742,0.5899560350969624,Min Annotation,1000.0,1.0
0,pfeifer,0.77476204966095,0.5658223242657917,Min Annotation,1000.0,2.0
0,pfeifer,0.7703608327299079,0.5953111862385864,Min Annotation,1000.0,3.0
0,pfeifer,0.7725230289745969,0.574336164270827,Min Annotation,1000.0,4.0
0,pfeifer,0.0,0.0,LocalOnly,43009.0,
