,test_set,Recall,Precision,Model,Iteration
0,USGS,0.977112676056338,0.977112676056338,Zero Shot,
0,USGS,0.9841549295774648,0.9841549295774648,Fine Tune,
0,USGS,0.977112676056338,0.7682314533378363,Min Annotation,0.0
0,USGS,0.977112676056338,0.7893785883147586,Min Annotation,1.0
0,USGS,0.977112676056338,0.8261820330969267,Min Annotation,2.0
0,USGS,0.9823943661971831,0.7765635074145713,Min Annotation,3.0
0,USGS,0.9753521126760564,0.7760745207173778,Min Annotation,4.0
