,test_set,Recall,Precision,Model,Iteration
0,palmyra,0.8378272521129664,0.7102238269456812,Zero Shot,
0,palmyra,0.773222016079159,0.5244821333637123,Fine Tune,
0,palmyra,0.7591785198928056,0.5414741485819917,Min Annotation,0.0
0,palmyra,0.7274556792413934,0.5453380018674135,Min Annotation,1.0
0,palmyra,0.7511389404246548,0.48363355125198365,Min Annotation,2.0
0,palmyra,0.7025767882910741,0.5291254138018845,Min Annotation,3.0
0,palmyra,0.7340522572665431,0.5177913343965975,Min Annotation,4.0
