,test_set,Recall,Precision,Model,Annotations,Iteration
0,hayes,0.9544791586902497,0.462180973417868,Zero Shot,,
0,hayes,0.9796070765196666,0.7756076438194413,Fine Tune,8407.0,
0,hayes,0.9657956799879767,0.647009184044098,Min Annotation,1000.0,0.0
0,hayes,0.966745347604311,0.6479174574410591,Min Annotation,1000.0,1.0
0,hayes,0.9657956799879767,0.6475778358224272,Min Annotation,1000.0,2.0
0,hayes,0.966745347604311,0.6485952121518652,Min Annotation,1000.0,3.0
0,hayes,0.966745347604311,0.6460098466894091,Min Annotation,1000.0,4.0
0,hayes,0.9788558338411318,0.7931554219087522,LocalOnly,8407.0,
