,test_set,Recall,Precision,Model,Iteration
0,pfeifer,0.7300115253454923,0.6899887109555881,Zero Shot,
0,pfeifer,0.9193015290433392,0.607871773249888,Fine Tune,
0,pfeifer,0.7952913670433416,0.7596309396987188,Min Annotation,0.0
0,pfeifer,0.7961653046227161,0.7111027978299038,Min Annotation,1.0
0,pfeifer,0.45179240753902894,0.7651650847309426,Min Annotation,2.0
0,pfeifer,0.8500889690443466,0.6046806086415789,Min Annotation,3.0
0,pfeifer,0.6411857767030095,0.6958306563570656,Min Annotation,4.0
