,test_set,Recall,Precision,Model,Iteration,Annotations
0,palmyra,0.8816257816257816,0.6242146211891435,Zero Shot,,
0,palmyra,0.8042346193289589,0.6562666817568779,Fine Tune,,
0,palmyra,0.8154430649713668,0.657948931127739,Min Annotation,0.0,
0,palmyra,0.806101218837068,0.6723725318096178,Min Annotation,1.0,
0,palmyra,0.8150836759327325,0.6640260218074788,Min Annotation,2.0,
0,palmyra,0.0,0.0,RandomWeight,0.0,1000.0
0,palmyra,0.0,0.0,RandomWeight,1.0,1000.0
0,palmyra,0.0,0.0,RandomWeight,2.0,1000.0
