,test_set,Recall,Precision,Model,Iteration
0,hayes,0.45739722249733467,0.45739722249733467,Zero Shot,
0,hayes,0.9903238269240682,0.9903238269240682,Fine Tune,
0,hayes,0.9877353174649294,0.6380770265335564,Min Annotation,0.0
0,hayes,0.983316319234576,0.6042849688922433,Min Annotation,1.0
0,hayes,0.9878013213849848,0.6274089343213821,Min Annotation,2.0
0,hayes,0.9899145353956466,0.6240560307121659,Min Annotation,3.0
0,hayes,0.9887465009691058,0.6000640346951766,Min Annotation,4.0
