,test_set,Recall,Precision,Model,Iteration
0,USGS,0.2711267605633803,0.15459165450629275,Zero Shot,
0,USGS,0.9841549295774648,0.8199489795918368,Fine Tune,
0,USGS,0.9841549295774648,0.5258777411946427,Min Annotation,0.0
0,USGS,0.9841549295774648,0.572327015912748,Min Annotation,1.0
0,USGS,0.977112676056338,0.5629813645771093,Min Annotation,2.0
0,USGS,0.977112676056338,0.5697307315450384,Min Annotation,3.0
0,USGS,0.9841549295774648,0.5852252403308741,Min Annotation,4.0
