,test_set,Recall,Precision,Model,Iteration
0,palmyra,0.7679370232941662,0.7679370232941662,Zero Shot,
0,palmyra,0.7653782725211297,0.7653782725211297,Fine Tune,
0,palmyra,0.7126958359101216,0.46144252467623925,Min Annotation,0.0
0,palmyra,0.7095573077715934,0.5141760915442457,Min Annotation,1.0
0,palmyra,0.7274453720882292,0.42697414756238283,Min Annotation,2.0
0,palmyra,0.727120696763554,0.47324088937476433,Min Annotation,3.0
0,palmyra,0.6948696145124716,0.5192204060307508,Min Annotation,4.0
