,test_set,Recall,Precision,Model,Annotations,Iteration
0,penguins,0.6414178215152663,0.7293277287329331,Zero Shot,,
0,penguins,0.8785767517625478,0.8222074061883634,Fine Tune,2019.0,
0,penguins,0.8746809468350368,0.825784440771723,Min Annotation,1000.0,0.0
0,penguins,0.8737455661955055,0.8315417654304861,Min Annotation,1000.0,1.0
0,penguins,0.8744024728723524,0.808187443418215,Min Annotation,1000.0,2.0
0,penguins,0.8735963802224169,0.8091559211861669,Min Annotation,1000.0,3.0
0,penguins,0.877502816323573,0.8006632984107742,Min Annotation,1000.0,4.0
0,penguins,0.0,0.0,LocalOnly,2019.0,
