,test_set,Recall,Precision,Model
0,neill,0.8908752805842958,0.28013579020954515,Zero Shot
0,neill,0.957396840948573,0.8034346791980911,Fine Tune
0,neill,0.9263353232270033,0.83823201033318,LocalOnly
