,test_set,Recall,Precision,Model,Annotations,Iteration
0,terns,0.8772680885440318,0.7608015731239939,Zero Shot,,
0,terns,0.922475681336528,0.7389025515631206,Fine Tune,20789.0,
0,terns,0.9172744102587326,0.6894402001236629,Min Annotation,1000.0,0.0
0,terns,0.9195761494224048,0.6744108872504764,Min Annotation,1000.0,1.0
0,terns,0.9191683322208037,0.6716900617592623,Min Annotation,1000.0,2.0
0,terns,0.9184568287255052,0.6758540233543092,Min Annotation,1000.0,3.0
0,terns,0.917957000878151,0.6615894600531563,Min Annotation,1000.0,4.0
0,terns,0.0,0.0,LocalOnly,20789.0,
