,test_set,Recall,Precision,Model,Iteration,Annotations
0,newmexico,0.3899435531788473,0.3849163907987438,Zero Shot,,
0,newmexico,0.8734084542908073,0.585586940765969,Fine Tune,,
0,newmexico,0.8436253289194466,0.6734479246243952,Min Annotation,0.0,
0,newmexico,0.8436253289194466,0.6734479246243952,Min Annotation,1.0,
0,newmexico,0.8235718529836177,0.6651591545709193,Min Annotation,2.0,
0,newmexico,0.0,0.0,RandomWeight,0.0,1000.0
0,newmexico,0.0,0.0,RandomWeight,1.0,1000.0
0,newmexico,0.0,0.0,RandomWeight,2.0,1000.0
