,test_set,Recall,Precision,Model,Annotations,Iteration
0,seabirdwatch,0.36069978980643946,0.8187815406035356,Zero Shot,,
0,seabirdwatch,0.6791275759335705,0.8854879250611203,Fine Tune,124390.0,
0,seabirdwatch,0.6445699622372884,0.6271483226547596,Min Annotation,1000.0,0.0
0,seabirdwatch,0.6449631456083333,0.6207163072989509,Min Annotation,1000.0,1.0
0,seabirdwatch,0.6454803256987048,0.6250640907701809,Min Annotation,1000.0,2.0
0,seabirdwatch,0.6403545248133952,0.6281453342012643,Min Annotation,1000.0,3.0
0,seabirdwatch,0.6435790654644218,0.6268887290076665,Min Annotation,1000.0,4.0
0,seabirdwatch,0.0,0.0,LocalOnly,124390.0,
