,test_set,Recall,Precision,Model
0,palmyra,0.8761945601568244,0.7389801238188335,Zero Shot
0,palmyra,0.8123555864121902,0.6713227513227513,Fine Tune
0,palmyra,0.0,0.0,LocalOnly
