,test_set,Recall,Precision,Model,Iteration
0,newmexico,0.8091460826754945,0.48208700484242284,Zero Shot,
0,newmexico,0.9196057210763093,0.6976535229476406,Fine Tune,
0,newmexico,0.881811815635345,0.5865133577174518,Min Annotation,0.0
0,newmexico,0.8452105084458026,0.6999045072574485,Min Annotation,1.0
0,newmexico,0.8882734912146678,0.6159733325047727,Min Annotation,2.0
0,newmexico,0.8566017316017316,0.6339758280934752,Min Annotation,3.0
0,newmexico,0.8879021305491893,0.7031231410488377,Min Annotation,4.0
