,test_set,Recall,Precision,Model,Iteration
0,pfeifer,0.0,0.0,Zero Shot,
0,pfeifer,0.005482788209166162,0.004134956874682902,Fine Tune,
0,pfeifer,0.009351603450011224,0.00474694589877836,Min Annotation,0.0
0,pfeifer,0.007959405431707013,0.003913612565445026,Min Annotation,1.0
0,pfeifer,0.0103561605939489,0.005267779232111693,Min Annotation,2.0
0,pfeifer,0.009449564185877567,0.005976564051638531,Min Annotation,3.0
0,pfeifer,0.008143771213417928,0.004016927083333333,Min Annotation,4.0
