,test_set,Recall,Precision,Model,Annotations,Iteration
0,michigan,0.4801541873836005,0.5087692970710274,Zero Shot,,
0,michigan,0.8091584735853554,0.7946884628208729,Fine Tune,40232.0,
0,michigan,0.8039431097703091,0.757302869665917,RandomWeight,1000.0,0.0
0,michigan,0.7863240198496348,0.7899035662635839,RandomWeight,1000.0,1.0
0,michigan,0.8001013167597916,0.7727328049685708,RandomWeight,1000.0,2.0
0,michigan,0.0,0.0,LocalOnly,40232.0,
