,test_set,Recall,Precision,Model,Annotations,Iteration
0,pfeifer,0.2983784491401997,0.6569838504523661,Zero Shot,,
0,pfeifer,0.7553103823838797,0.7446440207537068,Fine Tune,43009.0,
0,pfeifer,0.4100610708608538,0.5672924671675854,RandomWeight,1000.0,0.0
0,pfeifer,0.41269067270404336,0.5659148146382261,RandomWeight,1000.0,1.0
0,pfeifer,0.41694538170024703,0.5628950608684671,RandomWeight,1000.0,2.0
0,pfeifer,0.0,0.0,LocalOnly,43009.0,
