,test_set,Recall,Precision,Model,Iteration
0,monash,0.011235955056179775,0.00030303030303030303,Zero Shot,
0,monash,0.011235955056179775,0.0001666666666666667,Fine Tune,
0,monash,0.011235955056179775,0.0001666666666666667,Min Annotation,0.0
0,monash,0.06194664130796597,0.0008812260536398467,Min Annotation,1.0
0,monash,0.011235955056179775,0.0001666666666666667,Min Annotation,2.0
0,monash,0.011235955056179775,0.0001666666666666667,Min Annotation,3.0
0,monash,0.011235955056179775,0.0001666666666666667,Min Annotation,4.0
