,test_set,Recall,Precision,Model,Annotations,Iteration
0,hayes,0.9544791586902497,0.462180973417868,Zero Shot,,
0,hayes,0.9837562830211855,0.6856234195327413,Fine Tune,8407.0,
0,hayes,0.9721714671408462,0.6243196021408057,RandomWeight,1000.0,0.0
0,hayes,0.9721714671408462,0.6273750681566437,RandomWeight,1000.0,1.0
0,hayes,0.9714156092421311,0.6274729051513152,RandomWeight,1000.0,2.0
0,hayes,0.0,0.0,LocalOnly,8407.0,
