,test_set,Recall,Precision,Model,Iteration,Annotations
0,penguins,0.37347847833536574,0.7815397486933713,Zero Shot,,
0,penguins,0.8713363417976443,0.7957246697175246,Fine Tune,,
0,penguins,0.8341164763960212,0.8226377769762286,Min Annotation,0.0,
0,penguins,0.852413867531745,0.8135357029392438,Min Annotation,1.0,
0,penguins,0.8518720823495698,0.8128381956288129,Min Annotation,2.0,
0,penguins,0.0,0.0,RandomWeight,0.0,1000.0
0,penguins,0.0,0.0,RandomWeight,1.0,1000.0
0,penguins,0.0,0.0,RandomWeight,2.0,1000.0
