,test_set,Recall,Precision,Model,Annotations,Iteration
0,penguins,0.6414178215152663,0.7293277287329331,Zero Shot,,
0,penguins,0.8785767517625478,0.8222074061883634,Fine Tune,,
0,penguins,0.8660155019362283,0.7936453261774528,Min Annotation,1000.0,0.0
0,penguins,0.868866629708136,0.7554331696604936,Min Annotation,1000.0,1.0
0,penguins,0.8819494339885814,0.7638626624493894,Min Annotation,1000.0,2.0
0,penguins,0.0,0.0,RandomWeight,1000.0,0.0
0,penguins,0.0,0.0,RandomWeight,1000.0,1.0
0,penguins,0.0,0.0,RandomWeight,1000.0,2.0
