,test_set,Recall,Precision,Model,Annotations,Iteration
0,monash,0.6743955827338441,0.38786602325907027,Zero Shot,,
0,monash,0.783954989750377,0.656267782604992,Fine Tune,9845.0,
0,monash,0.7080155011556549,0.6936351544284555,Min Annotation,1000.0,0.0
0,monash,0.6882517443132464,0.7180776014109347,Min Annotation,1000.0,1.0
0,monash,0.6852554896315984,0.7188734030197446,Min Annotation,1000.0,2.0
0,monash,0.6971540779346812,0.68511147300914,Min Annotation,1000.0,3.0
0,monash,0.6875026806428344,0.7032229965156795,Min Annotation,1000.0,4.0
0,monash,0.703169837587342,0.8648504273504275,LocalOnly,9845.0,
