,test_set,Recall,Precision,Model,Annotations,Iteration
0,monash,0.6743955827338441,0.38786602325907027,Zero Shot,,
0,monash,0.783954989750377,0.656267782604992,Fine Tune,9845.0,
0,monash,0.6976150401933963,0.7058652729384437,Min Annotation,1000.0,0.0
0,monash,0.6908734671596883,0.7538617886178861,Min Annotation,1000.0,1.0
0,monash,0.6938697218413362,0.7022067363530778,Min Annotation,1000.0,2.0
0,monash,0.6860045533020105,0.7003774680603949,Min Annotation,1000.0,3.0
0,monash,0.6860045533020105,0.7209059233449477,Min Annotation,1000.0,4.0
0,monash,0.0,0.0,LocalOnly,9845.0,
