,test_set,Recall,Precision,Model,Annotations,Iteration
0,monash,0.6743955827338441,0.38786602325907027,Zero Shot,,
0,monash,0.783954989750377,0.656267782604992,Fine Tune,9845.0,
0,monash,0.7621813464805777,0.666293461829176,RandomWeight,1000.0,0.0
0,monash,0.760932907029891,0.6495984504913077,RandomWeight,1000.0,1.0
0,monash,0.7515696111497412,0.6620275888133031,RandomWeight,1000.0,2.0
0,monash,0.5881596457291313,0.5769696020353916,LocalOnly,9845.0,
