,test_set,Recall,Precision,Model,Annotations,Iteration
0,hayes,0.9544791586902497,0.462180973417868,Zero Shot,,
0,hayes,0.9837562830211855,0.6856234195327413,Fine Tune,8407.0,
0,hayes,0.9673416505261953,0.6466517147333462,Min Annotation,1000.0,0.0
0,hayes,0.9657956799879767,0.6494944654235866,Min Annotation,1000.0,1.0
0,hayes,0.966745347604311,0.6484577378574885,Min Annotation,1000.0,2.0
0,hayes,0.966745347604311,0.6477106905706665,Min Annotation,1000.0,3.0
0,hayes,0.966745347604311,0.648851514780636,Min Annotation,1000.0,4.0
0,hayes,0.0,0.0,LocalOnly,8407.0,
