,test_set,Recall,Precision,Model,Annotations,Iteration
0,pfeifer,0.2983784491401997,0.6569838504523661,Zero Shot,,
0,pfeifer,0.8666283003850888,0.7407410753352265,Fine Tune,43009.0,
0,pfeifer,0.7731825581029169,0.571670929282689,Min Annotation,1000.0,0.0
0,pfeifer,0.7695788755155947,0.594155285559415,Min Annotation,1000.0,1.0
0,pfeifer,0.7724201668216645,0.5690960929156816,Min Annotation,1000.0,2.0
0,pfeifer,0.7619724657024043,0.5812792635603049,Min Annotation,1000.0,3.0
0,pfeifer,0.7564243963897054,0.6120438277896499,Min Annotation,1000.0,4.0
0,pfeifer,0.7908864586452998,0.8851952169639171,LocalOnly,43009.0,
