,test_set,Recall,Precision,Model,Iteration
0,neill,0.6328052978396493,0.6328052978396493,Zero Shot,
0,neill,0.9351723317455622,0.9351723317455622,Fine Tune,
0,neill,0.8718517409348479,0.3545253685644295,Min Annotation,0.0
0,neill,0.8750453251501477,0.34254114856550444,Min Annotation,1.0
0,neill,0.8049344847458004,0.3059050203012003,Min Annotation,2.0
0,neill,0.8555205161716901,0.33670188044800387,Min Annotation,3.0
0,neill,0.7912152657283722,0.3766121834449082,Min Annotation,4.0
