,test_set,Recall,Precision,Model,Annotations,Iteration
0,terns,0.8772680885440318,0.7608015731239939,Zero Shot,,
0,terns,0.922475681336528,0.7389025515631206,Fine Tune,20789.0,
0,terns,0.9192709071503053,0.6731379619768905,Min Annotation,1000.0,0.0
0,terns,0.918878138250815,0.6687415332317552,Min Annotation,1000.0,1.0
0,terns,0.9186907471603158,0.6765427808971775,Min Annotation,1000.0,2.0
0,terns,0.9194015980263027,0.6735735675245451,Min Annotation,1000.0,3.0
0,terns,0.9179541502454002,0.6732731586411874,Min Annotation,1000.0,4.0
0,terns,0.0,0.0,LocalOnly,20789.0,
