,test_set,Recall,Precision,Model,Annotations,Iteration
0,mckellar,0.74,0.18888678999435868,Zero Shot,,
0,mckellar,0.68,0.6396631823461092,Fine Tune,1597.0,
0,mckellar,0.74,0.5071158008658009,Min Annotation,1000.0,0.0
0,mckellar,0.74,0.513301282051282,Min Annotation,1000.0,1.0
0,mckellar,0.73,0.5292103729603729,Min Annotation,1000.0,2.0
0,mckellar,0.75,0.5178295189658826,Min Annotation,1000.0,3.0
0,mckellar,0.75,0.5120987654320988,Min Annotation,1000.0,4.0
0,mckellar,0.0,0.0,LocalOnly,1597.0,
