,test_set,Recall,Precision,Model,Iteration
0,hayes,0.28906686772226725,0.28906686772226725,Zero Shot,
0,hayes,0.9897495098431789,0.9897495098431789,Fine Tune,
0,hayes,0.9832708773508188,0.6221849832561321,Min Annotation,0.0
0,hayes,0.9889415919156958,0.5685024026993003,Min Annotation,1.0
0,hayes,0.9870910406818515,0.6126477433214681,Min Annotation,2.0
0,hayes,0.9869090164721515,0.6069858926715239,Min Annotation,3.0
0,hayes,0.9903002875678698,0.5905216359237851,Min Annotation,4.0
