,test_set,Recall,Precision,Model,Iteration,Annotations
0,newmexico,0.30475341651812243,0.1492070021481786,Zero Shot,,
0,newmexico,0.8734084542908073,0.45293758529052647,Fine Tune,,
0,newmexico,0.8709574738986504,0.41418611134509875,Min Annotation,0.0,
0,newmexico,0.8734084542908073,0.42635729929028054,Min Annotation,1.0,
0,newmexico,0.8734084542908073,0.4291202226414392,Min Annotation,2.0,
0,newmexico,0.0,0.0,RandomWeight,0.0,1000.0
0,newmexico,0.0,0.0,RandomWeight,1.0,1000.0
0,newmexico,0.0,0.0,RandomWeight,2.0,1000.0
