,test_set,Recall,Precision,Model,Annotations,Iteration
0,palmyra,0.8761945601568244,0.7389801238188335,Zero Shot,,
0,palmyra,0.8643199742256347,0.6259635346732121,Fine Tune,1482.0,
0,palmyra,0.8482550119342572,0.6039981134193657,Min Annotation,1000.0,0.0
0,palmyra,0.8396596240935863,0.6045905379382889,Min Annotation,1000.0,1.0
0,palmyra,0.8030464120086762,0.6757773588418751,Min Annotation,1000.0,2.0
0,palmyra,0.0020964360587002093,1.0,RandomWeight,1000.0,0.0
0,palmyra,0.0,0.0,RandomWeight,1000.0,1.0
0,palmyra,0.36234968734968737,0.5921182266009851,RandomWeight,1000.0,2.0
