,test_set,Recall,Precision,Model,Iteration
0,palmyra,0.8674165120593692,0.532709154235857,Zero Shot,
0,palmyra,0.7938363224077509,0.4565953019029423,Fine Tune,
0,palmyra,0.6794629973201401,0.5921097867649592,Min Annotation,0.0
0,palmyra,0.7501185322613895,0.5566854249070844,Min Annotation,1.0
0,palmyra,0.7848433312719026,0.4512415930751171,Min Annotation,2.0
0,palmyra,0.7322845804988661,0.589341983091983,Min Annotation,3.0
0,palmyra,0.7651334776334776,0.5041437123651888,Min Annotation,4.0
