,test_set,Recall,Precision,Model,Iteration
0,neill,0.9561020858940836,0.7200340881487065,Zero Shot,
0,neill,0.9665554030150314,0.82837520040307,Fine Tune,
0,neill,0.9376543862745927,0.7131070630841758,Min Annotation,0.0
0,neill,0.9397348584821188,0.8046809357809006,Min Annotation,1.0
0,neill,0.9527182699404373,0.7820112809628079,Min Annotation,2.0
0,neill,0.9566675598033594,0.7915033172946487,Min Annotation,3.0
0,neill,0.9509157584898295,0.7683500510195781,Min Annotation,4.0
